CREATE TABLE IF NOT EXISTS chile_communes (
    id INT AUTO_INCREMENT PRIMARY KEY,
    commune VARCHAR(150) NOT NULL,
    city VARCHAR(150) NOT NULL,
    region VARCHAR(150) NOT NULL,
    UNIQUE KEY uniq_chile_communes_commune (commune),
    INDEX idx_chile_communes_city (city),
    INDEX idx_chile_communes_region (region)
);

INSERT IGNORE INTO chile_communes (commune, city, region) VALUES
('Arica', 'Arica', 'Arica y Parinacota'),
('Camarones', 'Camarones', 'Arica y Parinacota'),
('Putre', 'Putre', 'Arica y Parinacota'),
('General Lagos', 'General Lagos', 'Arica y Parinacota'),
('Iquique', 'Iquique', 'Tarapacá'),
('Alto Hospicio', 'Alto Hospicio', 'Tarapacá'),
('Pozo Almonte', 'Pozo Almonte', 'Tarapacá'),
('Camiña', 'Camiña', 'Tarapacá'),
('Colchane', 'Colchane', 'Tarapacá'),
('Huara', 'Huara', 'Tarapacá'),
('Pica', 'Pica', 'Tarapacá'),
('Antofagasta', 'Antofagasta', 'Antofagasta'),
('Mejillones', 'Mejillones', 'Antofagasta'),
('Sierra Gorda', 'Sierra Gorda', 'Antofagasta'),
('Taltal', 'Taltal', 'Antofagasta'),
('Calama', 'Calama', 'Antofagasta'),
('Ollagüe', 'Ollagüe', 'Antofagasta'),
('San Pedro de Atacama', 'San Pedro de Atacama', 'Antofagasta'),
('Tocopilla', 'Tocopilla', 'Antofagasta'),
('María Elena', 'María Elena', 'Antofagasta'),
('Copiapó', 'Copiapó', 'Atacama'),
('Caldera', 'Caldera', 'Atacama'),
('Tierra Amarilla', 'Tierra Amarilla', 'Atacama'),
('Chañaral', 'Chañaral', 'Atacama'),
('Diego de Almagro', 'Diego de Almagro', 'Atacama'),
('Vallenar', 'Vallenar', 'Atacama'),
('Alto del Carmen', 'Alto del Carmen', 'Atacama'),
('Freirina', 'Freirina', 'Atacama'),
('Huasco', 'Huasco', 'Atacama'),
('La Serena', 'La Serena', 'Coquimbo'),
('Coquimbo', 'Coquimbo', 'Coquimbo'),
('Andacollo', 'Andacollo', 'Coquimbo'),
('La Higuera', 'La Higuera', 'Coquimbo'),
('Paiguano', 'Paiguano', 'Coquimbo'),
('Vicuña', 'Vicuña', 'Coquimbo'),
('Illapel', 'Illapel', 'Coquimbo'),
('Canela', 'Canela', 'Coquimbo'),
('Los Vilos', 'Los Vilos', 'Coquimbo'),
('Salamanca', 'Salamanca', 'Coquimbo'),
('Ovalle', 'Ovalle', 'Coquimbo'),
('Combarbalá', 'Combarbalá', 'Coquimbo'),
('Monte Patria', 'Monte Patria', 'Coquimbo'),
('Punitaqui', 'Punitaqui', 'Coquimbo'),
('Río Hurtado', 'Río Hurtado', 'Coquimbo'),
('Valparaíso', 'Valparaíso', 'Valparaíso'),
('Casablanca', 'Casablanca', 'Valparaíso'),
('Concón', 'Concón', 'Valparaíso'),
('Juan Fernández', 'Juan Fernández', 'Valparaíso'),
('Puchuncaví', 'Puchuncaví', 'Valparaíso'),
('Quintero', 'Quintero', 'Valparaíso'),
('Viña del Mar', 'Viña del Mar', 'Valparaíso'),
('Isla de Pascua', 'Isla de Pascua', 'Valparaíso'),
('Los Andes', 'Los Andes', 'Valparaíso'),
('Calle Larga', 'Calle Larga', 'Valparaíso'),
('Rinconada', 'Rinconada', 'Valparaíso'),
('San Esteban', 'San Esteban', 'Valparaíso'),
('La Ligua', 'La Ligua', 'Valparaíso'),
('Cabildo', 'Cabildo', 'Valparaíso'),
('Papudo', 'Papudo', 'Valparaíso'),
('Petorca', 'Petorca', 'Valparaíso'),
('Zapallar', 'Zapallar', 'Valparaíso'),
('Quillota', 'Quillota', 'Valparaíso'),
('La Calera', 'La Calera', 'Valparaíso'),
('Hijuelas', 'Hijuelas', 'Valparaíso'),
('La Cruz', 'La Cruz', 'Valparaíso'),
('Nogales', 'Nogales', 'Valparaíso'),
('San Antonio', 'San Antonio', 'Valparaíso'),
('Algarrobo', 'Algarrobo', 'Valparaíso'),
('Cartagena', 'Cartagena', 'Valparaíso'),
('El Quisco', 'El Quisco', 'Valparaíso'),
('El Tabo', 'El Tabo', 'Valparaíso'),
('Santo Domingo', 'Santo Domingo', 'Valparaíso'),
('San Felipe', 'San Felipe', 'Valparaíso'),
('Catemu', 'Catemu', 'Valparaíso'),
('Llaillay', 'Llaillay', 'Valparaíso'),
('Panquehue', 'Panquehue', 'Valparaíso'),
('Putaendo', 'Putaendo', 'Valparaíso'),
('Santa María', 'Santa María', 'Valparaíso'),
('Limache', 'Limache', 'Valparaíso'),
('Olmué', 'Olmué', 'Valparaíso'),
('Quilpué', 'Quilpué', 'Valparaíso'),
('Villa Alemana', 'Villa Alemana', 'Valparaíso'),
('Santiago', 'Santiago', 'Metropolitana de Santiago'),
('Cerrillos', 'Cerrillos', 'Metropolitana de Santiago'),
('Cerro Navia', 'Cerro Navia', 'Metropolitana de Santiago'),
('Conchalí', 'Conchalí', 'Metropolitana de Santiago'),
('El Bosque', 'El Bosque', 'Metropolitana de Santiago'),
('Estación Central', 'Estación Central', 'Metropolitana de Santiago'),
('Huechuraba', 'Huechuraba', 'Metropolitana de Santiago'),
('Independencia', 'Independencia', 'Metropolitana de Santiago'),
('La Cisterna', 'La Cisterna', 'Metropolitana de Santiago'),
('La Florida', 'La Florida', 'Metropolitana de Santiago'),
('La Granja', 'La Granja', 'Metropolitana de Santiago'),
('La Pintana', 'La Pintana', 'Metropolitana de Santiago'),
('La Reina', 'La Reina', 'Metropolitana de Santiago'),
('Las Condes', 'Las Condes', 'Metropolitana de Santiago'),
('Lo Barnechea', 'Lo Barnechea', 'Metropolitana de Santiago'),
('Lo Espejo', 'Lo Espejo', 'Metropolitana de Santiago'),
('Lo Prado', 'Lo Prado', 'Metropolitana de Santiago'),
('Macul', 'Macul', 'Metropolitana de Santiago'),
('Maipú', 'Maipú', 'Metropolitana de Santiago'),
('Ñuñoa', 'Ñuñoa', 'Metropolitana de Santiago'),
('Pedro Aguirre Cerda', 'Pedro Aguirre Cerda', 'Metropolitana de Santiago'),
('Peñalolén', 'Peñalolén', 'Metropolitana de Santiago'),
('Providencia', 'Providencia', 'Metropolitana de Santiago'),
('Pudahuel', 'Pudahuel', 'Metropolitana de Santiago'),
('Quilicura', 'Quilicura', 'Metropolitana de Santiago'),
('Quinta Normal', 'Quinta Normal', 'Metropolitana de Santiago'),
('Recoleta', 'Recoleta', 'Metropolitana de Santiago'),
('Renca', 'Renca', 'Metropolitana de Santiago'),
('San Joaquín', 'San Joaquín', 'Metropolitana de Santiago'),
('San Miguel', 'San Miguel', 'Metropolitana de Santiago'),
('San Ramón', 'San Ramón', 'Metropolitana de Santiago'),
('Vitacura', 'Vitacura', 'Metropolitana de Santiago'),
('Puente Alto', 'Puente Alto', 'Metropolitana de Santiago'),
('Pirque', 'Pirque', 'Metropolitana de Santiago'),
('San José de Maipo', 'San José de Maipo', 'Metropolitana de Santiago'),
('Colina', 'Colina', 'Metropolitana de Santiago'),
('Lampa', 'Lampa', 'Metropolitana de Santiago'),
('Tiltil', 'Tiltil', 'Metropolitana de Santiago'),
('San Bernardo', 'San Bernardo', 'Metropolitana de Santiago'),
('Buin', 'Buin', 'Metropolitana de Santiago'),
('Calera de Tango', 'Calera de Tango', 'Metropolitana de Santiago'),
('Paine', 'Paine', 'Metropolitana de Santiago'),
('Melipilla', 'Melipilla', 'Metropolitana de Santiago'),
('Alhué', 'Alhué', 'Metropolitana de Santiago'),
('Curacaví', 'Curacaví', 'Metropolitana de Santiago'),
('María Pinto', 'María Pinto', 'Metropolitana de Santiago'),
('San Pedro', 'San Pedro', 'Metropolitana de Santiago'),
('Talagante', 'Talagante', 'Metropolitana de Santiago'),
('El Monte', 'El Monte', 'Metropolitana de Santiago'),
('Isla de Maipo', 'Isla de Maipo', 'Metropolitana de Santiago'),
('Padre Hurtado', 'Padre Hurtado', 'Metropolitana de Santiago'),
('Peñaflor', 'Peñaflor', 'Metropolitana de Santiago'),
('Rancagua', 'Rancagua', 'Libertador General Bernardo O\'Higgins'),
('Codegua', 'Codegua', 'Libertador General Bernardo O\'Higgins'),
('Coinco', 'Coinco', 'Libertador General Bernardo O\'Higgins'),
('Coltauco', 'Coltauco', 'Libertador General Bernardo O\'Higgins'),
('Doñihue', 'Doñihue', 'Libertador General Bernardo O\'Higgins'),
('Graneros', 'Graneros', 'Libertador General Bernardo O\'Higgins'),
('Las Cabras', 'Las Cabras', 'Libertador General Bernardo O\'Higgins'),
('Machalí', 'Machalí', 'Libertador General Bernardo O\'Higgins'),
('Malloa', 'Malloa', 'Libertador General Bernardo O\'Higgins'),
('Mostazal', 'Mostazal', 'Libertador General Bernardo O\'Higgins'),
('Olivar', 'Olivar', 'Libertador General Bernardo O\'Higgins'),
('Peumo', 'Peumo', 'Libertador General Bernardo O\'Higgins'),
('Pichidegua', 'Pichidegua', 'Libertador General Bernardo O\'Higgins'),
('Quinta de Tilcoco', 'Quinta de Tilcoco', 'Libertador General Bernardo O\'Higgins'),
('Rengo', 'Rengo', 'Libertador General Bernardo O\'Higgins'),
('Requínoa', 'Requínoa', 'Libertador General Bernardo O\'Higgins'),
('San Vicente', 'San Vicente', 'Libertador General Bernardo O\'Higgins'),
('San Fernando', 'San Fernando', 'Libertador General Bernardo O\'Higgins'),
('Chimbarongo', 'Chimbarongo', 'Libertador General Bernardo O\'Higgins'),
('Lolol', 'Lolol', 'Libertador General Bernardo O\'Higgins'),
('Nancagua', 'Nancagua', 'Libertador General Bernardo O\'Higgins'),
('Palmilla', 'Palmilla', 'Libertador General Bernardo O\'Higgins'),
('Peralillo', 'Peralillo', 'Libertador General Bernardo O\'Higgins'),
('Placilla', 'Placilla', 'Libertador General Bernardo O\'Higgins'),
('Pumanque', 'Pumanque', 'Libertador General Bernardo O\'Higgins'),
('Santa Cruz', 'Santa Cruz', 'Libertador General Bernardo O\'Higgins'),
('Pichilemu', 'Pichilemu', 'Libertador General Bernardo O\'Higgins'),
('La Estrella', 'La Estrella', 'Libertador General Bernardo O\'Higgins'),
('Litueche', 'Litueche', 'Libertador General Bernardo O\'Higgins'),
('Marchihue', 'Marchihue', 'Libertador General Bernardo O\'Higgins'),
('Navidad', 'Navidad', 'Libertador General Bernardo O\'Higgins'),
('Paredones', 'Paredones', 'Libertador General Bernardo O\'Higgins'),
('Talca', 'Talca', 'Maule'),
('Constitución', 'Constitución', 'Maule'),
('Curepto', 'Curepto', 'Maule'),
('Empedrado', 'Empedrado', 'Maule'),
('Maule', 'Maule', 'Maule'),
('Pelarco', 'Pelarco', 'Maule'),
('Pencahue', 'Pencahue', 'Maule'),
('Río Claro', 'Río Claro', 'Maule'),
('San Clemente', 'San Clemente', 'Maule'),
('San Rafael', 'San Rafael', 'Maule'),
('Cauquenes', 'Cauquenes', 'Maule'),
('Chanco', 'Chanco', 'Maule'),
('Pelluhue', 'Pelluhue', 'Maule'),
('Curicó', 'Curicó', 'Maule'),
('Hualañé', 'Hualañé', 'Maule'),
('Licantén', 'Licantén', 'Maule'),
('Molina', 'Molina', 'Maule'),
('Rauco', 'Rauco', 'Maule'),
('Romeral', 'Romeral', 'Maule'),
('Sagrada Familia', 'Sagrada Familia', 'Maule'),
('Teno', 'Teno', 'Maule'),
('Vichuquén', 'Vichuquén', 'Maule'),
('Linares', 'Linares', 'Maule'),
('Colbún', 'Colbún', 'Maule'),
('Longaví', 'Longaví', 'Maule'),
('Parral', 'Parral', 'Maule'),
('Retiro', 'Retiro', 'Maule'),
('San Javier', 'San Javier', 'Maule'),
('Villa Alegre', 'Villa Alegre', 'Maule'),
('Yerbas Buenas', 'Yerbas Buenas', 'Maule'),
('Chillán', 'Chillán', 'Ñuble'),
('Bulnes', 'Bulnes', 'Ñuble'),
('Chillán Viejo', 'Chillán Viejo', 'Ñuble'),
('Cobquecura', 'Cobquecura', 'Ñuble'),
('Coelemu', 'Coelemu', 'Ñuble'),
('Coihueco', 'Coihueco', 'Ñuble'),
('El Carmen', 'El Carmen', 'Ñuble'),
('Ninhue', 'Ninhue', 'Ñuble'),
('Ñiquén', 'Ñiquén', 'Ñuble'),
('Pemuco', 'Pemuco', 'Ñuble'),
('Pinto', 'Pinto', 'Ñuble'),
('Portezuelo', 'Portezuelo', 'Ñuble'),
('Quillón', 'Quillón', 'Ñuble'),
('Quirihue', 'Quirihue', 'Ñuble'),
('Ránquil', 'Ránquil', 'Ñuble'),
('San Carlos', 'San Carlos', 'Ñuble'),
('San Fabián', 'San Fabián', 'Ñuble'),
('San Ignacio', 'San Ignacio', 'Ñuble'),
('San Nicolás', 'San Nicolás', 'Ñuble'),
('Trehuaco', 'Trehuaco', 'Ñuble'),
('Yungay', 'Yungay', 'Ñuble'),
('Concepción', 'Concepción', 'Biobío'),
('Coronel', 'Coronel', 'Biobío'),
('Chiguayante', 'Chiguayante', 'Biobío'),
('Florida', 'Florida', 'Biobío'),
('Hualqui', 'Hualqui', 'Biobío'),
('Lota', 'Lota', 'Biobío'),
('Penco', 'Penco', 'Biobío'),
('San Pedro de la Paz', 'San Pedro de la Paz', 'Biobío'),
('Santa Juana', 'Santa Juana', 'Biobío'),
('Talcahuano', 'Talcahuano', 'Biobío'),
('Tomé', 'Tomé', 'Biobío'),
('Lebu', 'Lebu', 'Biobío'),
('Arauco', 'Arauco', 'Biobío'),
('Cañete', 'Cañete', 'Biobío'),
('Contulmo', 'Contulmo', 'Biobío'),
('Curanilahue', 'Curanilahue', 'Biobío'),
('Los Álamos', 'Los Álamos', 'Biobío'),
('Tirúa', 'Tirúa', 'Biobío'),
('Los Ángeles', 'Los Ángeles', 'Biobío'),
('Antuco', 'Antuco', 'Biobío'),
('Cabrero', 'Cabrero', 'Biobío'),
('Laja', 'Laja', 'Biobío'),
('Mulchén', 'Mulchén', 'Biobío'),
('Nacimiento', 'Nacimiento', 'Biobío'),
('Negrete', 'Negrete', 'Biobío'),
('Quilaco', 'Quilaco', 'Biobío'),
('Quilleco', 'Quilleco', 'Biobío'),
('San Rosendo', 'San Rosendo', 'Biobío'),
('Santa Bárbara', 'Santa Bárbara', 'Biobío'),
('Tucapel', 'Tucapel', 'Biobío'),
('Yumbel', 'Yumbel', 'Biobío'),
('Alto Biobío', 'Alto Biobío', 'Biobío'),
('Temuco', 'Temuco', 'Araucanía'),
('Carahue', 'Carahue', 'Araucanía'),
('Cunco', 'Cunco', 'Araucanía'),
('Curarrehue', 'Curarrehue', 'Araucanía'),
('Freire', 'Freire', 'Araucanía'),
('Galvarino', 'Galvarino', 'Araucanía'),
('Gorbea', 'Gorbea', 'Araucanía'),
('Lautaro', 'Lautaro', 'Araucanía'),
('Loncoche', 'Loncoche', 'Araucanía'),
('Melipeuco', 'Melipeuco', 'Araucanía'),
('Nueva Imperial', 'Nueva Imperial', 'Araucanía'),
('Padre Las Casas', 'Padre Las Casas', 'Araucanía'),
('Perquenco', 'Perquenco', 'Araucanía'),
('Pitrufquén', 'Pitrufquén', 'Araucanía'),
('Pucón', 'Pucón', 'Araucanía'),
('Saavedra', 'Saavedra', 'Araucanía'),
('Teodoro Schmidt', 'Teodoro Schmidt', 'Araucanía'),
('Toltén', 'Toltén', 'Araucanía'),
('Vilcún', 'Vilcún', 'Araucanía'),
('Villarrica', 'Villarrica', 'Araucanía'),
('Cholchol', 'Cholchol', 'Araucanía'),
('Angol', 'Angol', 'Araucanía'),
('Collipulli', 'Collipulli', 'Araucanía'),
('Curacautín', 'Curacautín', 'Araucanía'),
('Ercilla', 'Ercilla', 'Araucanía'),
('Lonquimay', 'Lonquimay', 'Araucanía'),
('Los Sauces', 'Los Sauces', 'Araucanía'),
('Lumaco', 'Lumaco', 'Araucanía'),
('Purén', 'Purén', 'Araucanía'),
('Renaico', 'Renaico', 'Araucanía'),
('Traiguén', 'Traiguén', 'Araucanía'),
('Victoria', 'Victoria', 'Araucanía'),
('Valdivia', 'Valdivia', 'Los Ríos'),
('Corral', 'Corral', 'Los Ríos'),
('Lanco', 'Lanco', 'Los Ríos'),
('Los Lagos', 'Los Lagos', 'Los Ríos'),
('Máfil', 'Máfil', 'Los Ríos'),
('Mariquina', 'Mariquina', 'Los Ríos'),
('Paillaco', 'Paillaco', 'Los Ríos'),
('Panguipulli', 'Panguipulli', 'Los Ríos'),
('La Unión', 'La Unión', 'Los Ríos'),
('Futrono', 'Futrono', 'Los Ríos'),
('Lago Ranco', 'Lago Ranco', 'Los Ríos'),
('Río Bueno', 'Río Bueno', 'Los Ríos'),
('Puerto Montt', 'Puerto Montt', 'Los Lagos'),
('Calbuco', 'Calbuco', 'Los Lagos'),
('Cochamó', 'Cochamó', 'Los Lagos'),
('Fresia', 'Fresia', 'Los Lagos'),
('Frutillar', 'Frutillar', 'Los Lagos'),
('Los Muermos', 'Los Muermos', 'Los Lagos'),
('Llanquihue', 'Llanquihue', 'Los Lagos'),
('Maullín', 'Maullín', 'Los Lagos'),
('Puerto Varas', 'Puerto Varas', 'Los Lagos'),
('Castro', 'Castro', 'Los Lagos'),
('Ancud', 'Ancud', 'Los Lagos'),
('Chonchi', 'Chonchi', 'Los Lagos'),
('Curaco de Vélez', 'Curaco de Vélez', 'Los Lagos'),
('Dalcahue', 'Dalcahue', 'Los Lagos'),
('Puqueldón', 'Puqueldón', 'Los Lagos'),
('Queilén', 'Queilén', 'Los Lagos'),
('Quellón', 'Quellón', 'Los Lagos'),
('Quemchi', 'Quemchi', 'Los Lagos'),
('Quinchao', 'Quinchao', 'Los Lagos'),
('Osorno', 'Osorno', 'Los Lagos'),
('Puerto Octay', 'Puerto Octay', 'Los Lagos'),
('Purranque', 'Purranque', 'Los Lagos'),
('Puyehue', 'Puyehue', 'Los Lagos'),
('Río Negro', 'Río Negro', 'Los Lagos'),
('San Juan de la Costa', 'San Juan de la Costa', 'Los Lagos'),
('San Pablo', 'San Pablo', 'Los Lagos'),
('Chaitén', 'Chaitén', 'Los Lagos'),
('Futaleufú', 'Futaleufú', 'Los Lagos'),
('Hualaihué', 'Hualaihué', 'Los Lagos'),
('Palena', 'Palena', 'Los Lagos'),
('Coyhaique', 'Coyhaique', 'Aysén del General Carlos Ibáñez del Campo'),
('Lago Verde', 'Lago Verde', 'Aysén del General Carlos Ibáñez del Campo'),
('Aysén', 'Aysén', 'Aysén del General Carlos Ibáñez del Campo'),
('Cisnes', 'Cisnes', 'Aysén del General Carlos Ibáñez del Campo'),
('Guaitecas', 'Guaitecas', 'Aysén del General Carlos Ibáñez del Campo'),
('Cochrane', 'Cochrane', 'Aysén del General Carlos Ibáñez del Campo'),
('O\'Higgins', 'O\'Higgins', 'Aysén del General Carlos Ibáñez del Campo'),
('Tortel', 'Tortel', 'Aysén del General Carlos Ibáñez del Campo'),
('Chile Chico', 'Chile Chico', 'Aysén del General Carlos Ibáñez del Campo'),
('Río Ibáñez', 'Río Ibáñez', 'Aysén del General Carlos Ibáñez del Campo'),
('Punta Arenas', 'Punta Arenas', 'Magallanes y de la Antártica Chilena'),
('Laguna Blanca', 'Laguna Blanca', 'Magallanes y de la Antártica Chilena'),
('Río Verde', 'Río Verde', 'Magallanes y de la Antártica Chilena'),
('San Gregorio', 'San Gregorio', 'Magallanes y de la Antártica Chilena'),
('Cabo de Hornos', 'Cabo de Hornos', 'Magallanes y de la Antártica Chilena'),
('Antártica', 'Antártica', 'Magallanes y de la Antártica Chilena'),
('Porvenir', 'Porvenir', 'Magallanes y de la Antártica Chilena'),
('Primavera', 'Primavera', 'Magallanes y de la Antártica Chilena'),
('Timaukel', 'Timaukel', 'Magallanes y de la Antártica Chilena'),
('Natales', 'Natales', 'Magallanes y de la Antártica Chilena'),
('Torres del Paine', 'Torres del Paine', 'Magallanes y de la Antártica Chilena');
